,name,num_scenarios,num_correct,macro_mean_acc,macro_top_k_acc,example_valid_p,example_valid_r,example_valid_f1,mean_running_time,s_valid_p,s_valid_r,s_valid_f1,valid_accuracy
0,prog,6,4,0.9285714285714285,0.9285714285714285,0.41041666666666665,1.0,0.4481792717086835,0.5376662810643514,0.5,1.0,0.6666666666666666,0.6666666666666666
1,nyc,5,3,0.8846807172066686,0.8846807172066686,0.3153192827933312,1.0,0.353257007500987,2.1355995178222655,0.5,1.0,0.6666666666666666,0.6
2,sygus,27,7,0.5579473586766528,0.5579473586766528,0.5990837865837866,0.8631800298466965,0.5411044496531767,0.754224627106278,0.76,0.95,0.8444444444444444,0.7407407407407407
3,ijcai,36,6,0.7130887230458741,0.7130887230458741,0.4815012710640533,0.9332505050384307,0.5235721979979009,18.620140459802414,0.8823529411764706,1.0,0.9375,0.8888888888888888
4,museum,173,130,0.9314151887711717,0.9314151887711717,0.8222333880179924,0.9981692815854666,0.8264397405859978,9.068126291208873,0.5,1.0,0.6666666666666666,0.7514450867052023
